effect,n,r_squared,sum_sq,df,F,p_value,eta_sq_total
C(PHYSICIAN),122,0.2658,2185.8069,2.0,8.6312,0.000319,0.1249
"Q(""#ABL"")",122,0.2658,354.3231,1.0,2.7983,0.097038,0.0203
"Q(""ABL TIME (Min)"")",122,0.2658,139.4731,1.0,1.1015,0.296102,0.008
